Jakub Wieczorek faw217@gmail.com
Diego Iastrubni elcuco@kde.org
Jakub Lužný limoto94@gmail.com
Christopher Eby kreed@kreed.org
Jason A. Donenfeld Jason@zx2c4.com
Christian Franke cfchris6@ts2server.com
Zsombor Gegesy gzsombor@gmail.com
Benjamin K. Stuhl bks24@cornell.edu
Vincenzo Reale smart2128@baslug.org
Kristof Bal kristof.bal@gmail.com
Maia Kozheva sikon@ubuntu.com
Tor Arne Vestbø tor.arne.vestbo@nokia.com
axasia axasia@gmail.com
Tom Gundersen teg@jklm.no
John Wimer john@god.vtic.net
Ariya Hidayat ariya.hidayat@gmail.com
Adam Treat treat@kde.org
SnooeyNET(Yoon, Seongsu) sople1@snooey.net
Mark Reiche porphyr@gmx.de
Guillaume Martres smarter@ubuntu.com
Aaron Dewes aaron.dewes@web.de
Josef Kufner jk@myserver.cz
Janusz Lewandowski lew21st@gmail.com
Daniel Albuschat d.albuschat@gmail.com
Alexandre Dupas alexandre.dupas@gmail.com
Simon Hausmann simon@lst.de
Robert Hogan robhogan@gmail.com
Raphael Kubo da Costa kubito@gmail.com
Paul Olav Tvete paul@trolltech.com
John Schember john@nachtimwald.com
Elrond elrond+arora.git.commit@samba-tng.org
Chris Lee clee@mg8.org
Bernhard Rosenkraenzer bero@arklinux.org
Benjamin Poulain benjamin.poulain@nokia.com
Alexandre Bique bique.alexandre@gmail.com
ABuus amb@lafnet.dk
Zack Rusin zack@kde.org
William Witt unamanic@gimli.tolkien
Slim Amamou slim.amamou@gmail.com
Richard Moore rich@beast.needcoffee.co.uk
Popa Marius Adrian mapopa@gmail.com
Pavol Rusnak stick@gk2.sk
Oscar Blumberg o.blumberg@robertlan.eu.org
ondrejcernos cernoso@gmail.com
mwenge robert@roberthogan.net
Michael Nutt michael@nuttnet.net
Michael Burger linuxman2k1@yahoo.com
Max Kueng me@maxkueng.com
Markus Goetz Markus.Goetz@nokia.com
Marius Bugge Monsen mariusbu@pvv.org
Kenneth Rohde Christiansen kenneth.christiansen@openbossa.org
jreznik jreznik@redhat.com
Jonas Gehring jonas.gehring@boolsoft.org
Jocelyn Turcotte jocelyn.turcotte@nokia.com
João Abecasis joao@abecasis.name
Jason Butler jason_michael_butler@yahoo.com
Henri Valta cg@jakorasia.info
Gergely Nagy gergely.nagy@interware.co.hu
Gegesy Zsombor gzsombor@gmail.com
Dominik Riebeling bluebrother@gmx.de
David Martinez kendersec@gmail.com
Darryl Kacher darrylkacher@gmail.com
Chris Hills chaz@chaz6.com
Carlos Júnior carlos@milk-it.net
Aurélien Gâteau agateau@kde.org
Andrew Scheller github@loowis.durge.org
Andreas Kling andreas.kling@nokia.com
